generation,hard_evals,val_auc,train_auc,test_auc
-1,25,0.8084650265117344,0.9491632515616493,0.8231983075648098
0,50,0.8129675886442058,0.8920431758298151,0.8280379988604875
1,75,0.8129675886442058,0.8920431758298151,0.8280379988604875
2,100,0.8142149687351224,0.999994051850908,0.8275414853805712
3,125,0.8142149687351224,0.999994051850908,0.8275414853805712
4,150,0.8144764029233043,0.9999940518509078,0.8279097227617642
5,175,0.8148344395193174,1.0,0.8289363362080129
6,200,0.8148344395193174,1.0,0.8289363362080129
7,225,0.8148344395193174,1.0,0.8289363362080129
8,250,0.8159188185944963,1.0,0.8275455319451999
9,275,0.8159188185944963,1.0,0.8275455319451999
10,300,0.8159188185944963,1.0,0.8275455319451999
11,325,0.8159188185944963,1.0,0.8275455319451999
12,350,0.8159188185944963,1.0,0.8275455319451999
13,375,0.8159188185944963,1.0,0.8275455319451999
14,400,0.8159188185944963,1.0,0.8275455319451999
15,425,0.8207481387418689,0.9060943397264536,0.8316629114546914
16,450,0.820995070405106,0.9055161796346974,0.8314832439851865
17,475,0.820995070405106,0.9055161796346974,0.8314832439851865
18,500,0.820995070405106,0.9055161796346974,0.8314832439851865
